{
	"IcoMoonType": "selection",
	"icons": [
		{
			"icon": {
				"paths": [
					"M954.857 323.429q0 22.857-16 38.857l-491.429 491.429q-16 16-38.857 16t-38.857-16l-284.571-284.571q-16-16-16-38.857t16-38.857l77.714-77.714q16-16 38.857-16t38.857 16l168 168.571 374.857-375.429q16-16 38.857-16t38.857 16l77.714 77.714q16 16 16 38.857z"
				],
				"width": 1024.0000610351562,
				"attrs": [],
				"isMulticolor": false,
				"tags": [
					"check"
				],
				"defaultCode": 61452,
				"grid": 14
			},
			"attrs": [],
			"properties": {
				"id": 616,
				"order": 20,
				"name": "check",
				"prevSize": 28,
				"code": 61452,
				"ligatures": "check"
			},
			"setIdx": 0,
			"setId": 2,
			"iconIdx": 0
		},
		{
			"icon": {
				"paths": [
					"M731.429 768q0-14.857-10.857-25.714t-25.714-10.857-25.714 10.857-10.857 25.714 10.857 25.714 25.714 10.857 25.714-10.857 10.857-25.714zM877.714 768q0-14.857-10.857-25.714t-25.714-10.857-25.714 10.857-10.857 25.714 10.857 25.714 25.714 10.857 25.714-10.857 10.857-25.714zM950.857 640v182.857q0 22.857-16 38.857t-38.857 16h-841.143q-22.857 0-38.857-16t-16-38.857v-182.857q0-22.857 16-38.857t38.857-16h265.714l77.143 77.714q33.143 32 77.714 32t77.714-32l77.714-77.714h265.143q22.857 0 38.857 16t16 38.857zM765.143 314.857q9.714 23.429-8 40l-256 256q-10.286 10.857-25.714 10.857t-25.714-10.857l-256-256q-17.714-16.571-8-40 9.714-22.286 33.714-22.286h146.286v-256q0-14.857 10.857-25.714t25.714-10.857h146.286q14.857 0 25.714 10.857t10.857 25.714v256h146.286q24 0 33.714 22.286z"
				],
				"width": 950.857048034668,
				"attrs": [],
				"isMulticolor": false,
				"tags": [
					"download"
				],
				"defaultCode": 61465,
				"grid": 14
			},
			"attrs": [],
			"properties": {
				"id": 617,
				"order": 18,
				"name": "download",
				"prevSize": 28,
				"code": 61465,
				"ligatures": "download"
			},
			"setIdx": 0,
			"setId": 2,
			"iconIdx": 1
		},
		{
			"icon": {
				"paths": [
					"M207.429 877.714l52-52-134.286-134.286-52 52v61.143h73.143v73.143h61.143zM506.286 347.429q0-12.571-12.571-12.571-5.714 0-9.714 4l-309.714 309.714q-4 4-4 9.714 0 12.571 12.571 12.571 5.714 0 9.714-4l309.714-309.714q4-4 4-9.714zM475.429 237.714l237.714 237.714-475.429 475.429h-237.714v-237.714zM865.714 292.571q0 30.286-21.143 51.429l-94.857 94.857-237.714-237.714 94.857-94.286q20.571-21.714 51.429-21.714 30.286 0 52 21.714l134.286 133.714q21.143 22.286 21.143 52z"
				],
				"width": 865.7150573730469,
				"attrs": [],
				"isMulticolor": false,
				"tags": [
					"pencil"
				],
				"defaultCode": 61504,
				"grid": 14
			},
			"attrs": [],
			"properties": {
				"id": 618,
				"order": 14,
				"name": "edit",
				"prevSize": 28,
				"code": 61504,
				"ligatures": "edit"
			},
			"setIdx": 0,
			"setId": 2,
			"iconIdx": 2
		},
		{
			"icon": {
				"paths": [
					"M841.143 548.571q0 30.857-21.143 52l-372 372q-22.286 21.143-52 21.143-29.143 0-51.429-21.143l-42.857-42.857q-21.714-21.714-21.714-52t21.714-52l167.429-167.429h-402.286q-29.714 0-48.286-21.429t-18.571-51.714v-73.143q0-30.286 18.571-51.714t48.286-21.429h402.286l-167.429-168q-21.714-20.571-21.714-51.429t21.714-51.429l42.857-42.857q21.714-21.714 51.429-21.714 30.286 0 52 21.714l372 372q21.143 20 21.143 51.429z"
				],
				"width": 841.1423365274677,
				"attrs": [],
				"isMulticolor": false,
				"tags": [
					"arrow-right"
				],
				"defaultCode": 61537,
				"grid": 14
			},
			"attrs": [],
			"properties": {
				"id": 619,
				"order": 23,
				"name": "arrow-right",
				"prevSize": 28,
				"code": 61537,
				"ligatures": "arrow-right"
			},
			"setIdx": 0,
			"setId": 2,
			"iconIdx": 3
		},
		{
			"icon": {
				"paths": [
					"M920.571 554.857q0 29.143-21.143 51.429l-42.857 42.857q-21.714 21.714-52 21.714-30.857 0-51.429-21.714l-168-167.429v402.286q0 29.714-21.429 48.286t-51.714 18.571h-73.143q-30.286 0-51.714-18.571t-21.429-48.286v-402.286l-168 167.429q-20.571 21.714-51.429 21.714t-51.429-21.714l-42.857-42.857q-21.714-21.714-21.714-51.429 0-30.286 21.714-52l372-372q20-21.143 51.429-21.143 30.857 0 52 21.143l372 372q21.143 22.286 21.143 52z"
				],
				"width": 950.8549499511719,
				"attrs": [],
				"isMulticolor": false,
				"tags": [
					"arrow-up"
				],
				"defaultCode": 61538,
				"grid": 14
			},
			"attrs": [],
			"properties": {
				"id": 620,
				"order": 21,
				"name": "arrow-up",
				"prevSize": 28,
				"code": 61538,
				"ligatures": "arrow-up"
			},
			"setIdx": 0,
			"setId": 2,
			"iconIdx": 4
		},
		{
			"icon": {
				"paths": [
					"M920.571 475.429q0 30.286-21.143 51.429l-372 372.571q-22.286 21.143-52 21.143-30.286 0-51.429-21.143l-372-372.571q-21.714-20.571-21.714-51.429 0-30.286 21.714-52l42.286-42.857q22.286-21.143 52-21.143 30.286 0 51.429 21.143l168 168v-402.286q0-29.714 21.714-51.429t51.429-21.714h73.143q29.714 0 51.429 21.714t21.714 51.429v402.286l168-168q21.143-21.143 51.429-21.143 29.714 0 52 21.143l42.857 42.857q21.143 22.286 21.143 52z"
				],
				"width": 950.8569107055664,
				"attrs": [],
				"isMulticolor": false,
				"tags": [
					"arrow-down"
				],
				"defaultCode": 61539,
				"grid": 14
			},
			"attrs": [],
			"properties": {
				"id": 621,
				"order": 22,
				"name": "arrow-down",
				"prevSize": 28,
				"code": 61539,
				"ligatures": "arrow-down"
			},
			"setIdx": 0,
			"setId": 2,
			"iconIdx": 5
		},
		{
			"icon": {
				"paths": [
					"M431.429 603.429q0 7.429-5.714 13.143l-189.714 189.714 82.286 82.286q10.857 10.857 10.857 25.714t-10.857 25.714-25.714 10.857h-256q-14.857 0-25.714-10.857t-10.857-25.714v-256q0-14.857 10.857-25.714t25.714-10.857 25.714 10.857l82.286 82.286 189.714-189.714q5.714-5.714 13.143-5.714t13.143 5.714l65.143 65.143q5.714 5.714 5.714 13.143zM877.714 109.714v256q0 14.857-10.857 25.714t-25.714 10.857-25.714-10.857l-82.286-82.286-189.714 189.714q-5.714 5.714-13.143 5.714t-13.143-5.714l-65.143-65.143q-5.714-5.714-5.714-13.143t5.714-13.143l189.714-189.714-82.286-82.286q-10.857-10.857-10.857-25.714t10.857-25.714 25.714-10.857h256q14.857 0 25.714 10.857t10.857 25.714z"
				],
				"width": 877.7160301208496,
				"attrs": [],
				"isMulticolor": false,
				"tags": [
					"expand"
				],
				"defaultCode": 61541,
				"grid": 14
			},
			"attrs": [],
			"properties": {
				"id": 622,
				"order": 16,
				"name": "expand",
				"prevSize": 28,
				"code": 61541,
				"ligatures": "expand"
			},
			"setIdx": 0,
			"setId": 2,
			"iconIdx": 6
		},
		{
			"icon": {
				"paths": [
					"M365.714 877.714q0 29.714-21.714 51.429t-51.429 21.714-51.429-21.714-21.714-51.429 21.714-51.429 51.429-21.714 51.429 21.714 21.714 51.429zM877.714 877.714q0 29.714-21.714 51.429t-51.429 21.714-51.429-21.714-21.714-51.429 21.714-51.429 51.429-21.714 51.429 21.714 21.714 51.429zM950.857 256v292.571q0 13.714-9.429 24.286t-23.143 12.286l-596.571 69.714q7.429 34.286 7.429 40 0 9.143-13.714 36.571h525.714q14.857 0 25.714 10.857t10.857 25.714-10.857 25.714-25.714 10.857h-585.143q-14.857 0-25.714-10.857t-10.857-25.714q0-6.286 4.571-18t9.143-20.571 12.286-22.857 8.857-16.857l-101.143-470.286h-116.571q-14.857 0-25.714-10.857t-10.857-25.714 10.857-25.714 25.714-10.857h146.286q9.143 0 16.286 3.714t11.143 8.857 7.429 14 4.571 14.857 3.143 16.857 2.571 14.857h686.286q14.857 0 25.714 10.857t10.857 25.714z"
				],
				"width": 950.8590049743652,
				"attrs": [],
				"isMulticolor": false,
				"tags": [
					"shopping-cart"
				],
				"defaultCode": 61562,
				"grid": 14
			},
			"attrs": [],
			"properties": {
				"id": 623,
				"order": 15,
				"name": "cart",
				"prevSize": 28,
				"code": 61562,
				"ligatures": "cart"
			},
			"setIdx": 0,
			"setId": 2,